{"cameraMode":{"drawMode":0,"name":"Shaded","section":"Shading Mode"},"sceneLighting":true,"audioPlay":false,"sceneViewState":{"showFog":true,"showMaterialUpdate":false,"showSkybox":true,"showFlares":true,"showImageEffects":true,"showParticleSystems":true},"in2DMode":false,"pivot":{"x":0.005200028419494629,"y":0.7499999403953552,"z":-4.466000080108643},"rotation":{"x":0.0022848190274089576,"y":0.8404495716094971,"z":0.003512985771521926,"w":-0.5419081449508667},"size":0.7104145884513855,"orthographic":false}